variable,count,mean,std,min,25%,50%,75%,max,original
dummy1,1000.0,0.0004891381870940377,0.010940632870582315,-0.0342217676001617,-0.006549631725904975,0.00019995630325995002,0.00833248981856015,0.0374061652000565,0.0114614065070668
dummy2,1000.0,0.00022348417226604572,0.01010430994414295,-0.0385137500014707,-0.00635168687278,0.0002679880702682,0.00738653192787005,0.0324769158554486,0.0103211189653968
x1,1000.0,0.08629950583404775,2.940704726216355,-9.770218562919354,-1.805183625240157,0.01909480951487605,1.9112916813271563,28.203275628446477,28.203275628446477
x2,1000.0,0.14803520011317306,8.495293734166404,-26.3885924295192,-5.635028111463246,-0.17488488053963275,5.252913054242579,75.0508255746442,75.0508255746442
x3,1000.0,-0.03721623780598626,1.9030887642894625,-5.5524698252316185,-1.1987354361236784,-0.01250724366857265,1.045853366654601,17.754252520704952,17.754252520704952
